ProductID,ProductName,Category,Sub-Category
P-00001,Product_1,Office Supplies,Binders
P-00002,Product_2,Furniture,Bookcases
P-00003,Product_3,Furniture,Tables
P-00004,Product_4,Technology,Machines
P-00005,Product_5,Office Supplies,Binders
P-00006,Product_6,Furniture,Tables
P-00007,Product_7,Furniture,Tables
P-00008,Product_8,Technology,Phones
P-00009,Product_9,Technology,Accessories
P-00010,Product_10,Technology,Phones
P-00011,Product_11,Furniture,Tables
P-00012,Product_12,Furniture,Chairs
P-00013,Product_13,Technology,Accessories
P-00014,Product_14,Office Supplies,Storage
P-00015,Product_15,Technology,Machines
P-00016,Product_16,Technology,Machines
P-00017,Product_17,Technology,Accessories
P-00018,Product_18,Technology,Accessories
P-00019,Product_19,Furniture,Bookcases
P-00020,Product_20,Office Supplies,Storage
P-00021,Product_21,Technology,Phones
P-00022,Product_22,Office Supplies,Binders
P-00023,Product_23,Office Supplies,Binders
P-00024,Product_24,Office Supplies,Storage
P-00025,Product_25,Technology,Machines
P-00026,Product_26,Furniture,Bookcases
P-00027,Product_27,Technology,Phones
P-00028,Product_28,Office Supplies,Paper
P-00029,Product_29,Office Supplies,Storage
P-00030,Product_30,Furniture,Tables
P-00031,Product_31,Technology,Accessories
P-00032,Product_32,Office Supplies,Paper
P-00033,Product_33,Furniture,Chairs
P-00034,Product_34,Office Supplies,Paper
P-00035,Product_35,Furniture,Bookcases
P-00036,Product_36,Furniture,Chairs
P-00037,Product_37,Technology,Machines
P-00038,Product_38,Office Supplies,Storage
P-00039,Product_39,Technology,Phones
P-00040,Product_40,Office Supplies,Storage
P-00041,Product_41,Technology,Machines
P-00042,Product_42,Office Supplies,Binders
P-00043,Product_43,Technology,Machines
P-00044,Product_44,Furniture,Tables
P-00045,Product_45,Office Supplies,Storage
P-00046,Product_46,Office Supplies,Paper
P-00047,Product_47,Furniture,Bookcases
P-00048,Product_48,Technology,Phones
P-00049,Product_49,Office Supplies,Binders
P-00050,Product_50,Office Supplies,Storage
P-00051,Product_51,Technology,Phones
P-00052,Product_52,Furniture,Bookcases
P-00053,Product_53,Technology,Phones
P-00054,Product_54,Technology,Accessories
P-00055,Product_55,Technology,Machines
P-00056,Product_56,Office Supplies,Paper
P-00057,Product_57,Furniture,Tables
P-00058,Product_58,Furniture,Bookcases
P-00059,Product_59,Technology,Accessories
P-00060,Product_60,Office Supplies,Storage
P-00061,Product_61,Technology,Accessories
P-00062,Product_62,Office Supplies,Storage
P-00063,Product_63,Office Supplies,Storage
P-00064,Product_64,Office Supplies,Binders
P-00065,Product_65,Office Supplies,Storage
P-00066,Product_66,Furniture,Bookcases
P-00067,Product_67,Office Supplies,Paper
P-00068,Product_68,Office Supplies,Storage
P-00069,Product_69,Technology,Phones
P-00070,Product_70,Technology,Accessories
P-00071,Product_71,Furniture,Tables
P-00072,Product_72,Technology,Phones
P-00073,Product_73,Office Supplies,Paper
P-00074,Product_74,Technology,Accessories
P-00075,Product_75,Furniture,Tables
P-00076,Product_76,Technology,Accessories
P-00077,Product_77,Technology,Phones
P-00078,Product_78,Furniture,Chairs
P-00079,Product_79,Furniture,Tables
P-00080,Product_80,Office Supplies,Paper
P-00081,Product_81,Technology,Phones
P-00082,Product_82,Office Supplies,Binders
P-00083,Product_83,Technology,Phones
P-00084,Product_84,Technology,Accessories
P-00085,Product_85,Office Supplies,Paper
P-00086,Product_86,Technology,Machines
P-00087,Product_87,Technology,Phones
P-00088,Product_88,Technology,Accessories
P-00089,Product_89,Furniture,Chairs
P-00090,Product_90,Office Supplies,Paper
P-00091,Product_91,Furniture,Chairs
P-00092,Product_92,Office Supplies,Paper
P-00093,Product_93,Office Supplies,Storage
P-00094,Product_94,Technology,Machines
P-00095,Product_95,Office Supplies,Binders
P-00096,Product_96,Furniture,Tables
P-00097,Product_97,Furniture,Tables
P-00098,Product_98,Furniture,Chairs
P-00099,Product_99,Office Supplies,Paper
P-00100,Product_100,Furniture,Chairs
P-00101,Product_101,Office Supplies,Paper
P-00102,Product_102,Furniture,Chairs
P-00103,Product_103,Furniture,Tables
P-00104,Product_104,Office Supplies,Binders
P-00105,Product_105,Furniture,Tables
P-00106,Product_106,Technology,Machines
P-00107,Product_107,Office Supplies,Paper
P-00108,Product_108,Office Supplies,Binders
P-00109,Product_109,Office Supplies,Storage
P-00110,Product_110,Technology,Accessories
P-00111,Product_111,Office Supplies,Storage
P-00112,Product_112,Furniture,Tables
P-00113,Product_113,Furniture,Bookcases
P-00114,Product_114,Furniture,Chairs
P-00115,Product_115,Office Supplies,Paper
P-00116,Product_116,Furniture,Tables
P-00117,Product_117,Office Supplies,Binders
P-00118,Product_118,Furniture,Bookcases
P-00119,Product_119,Technology,Phones
P-00120,Product_120,Technology,Phones
P-00121,Product_121,Technology,Machines
P-00122,Product_122,Technology,Phones
P-00123,Product_123,Office Supplies,Paper
P-00124,Product_124,Furniture,Tables
P-00125,Product_125,Technology,Accessories
P-00126,Product_126,Office Supplies,Binders
P-00127,Product_127,Technology,Accessories
P-00128,Product_128,Technology,Accessories
P-00129,Product_129,Office Supplies,Paper
P-00130,Product_130,Office Supplies,Paper
P-00131,Product_131,Furniture,Tables
P-00132,Product_132,Furniture,Tables
P-00133,Product_133,Technology,Phones
P-00134,Product_134,Technology,Accessories
P-00135,Product_135,Furniture,Tables
P-00136,Product_136,Furniture,Bookcases
P-00137,Product_137,Office Supplies,Binders
P-00138,Product_138,Furniture,Chairs
P-00139,Product_139,Furniture,Chairs
P-00140,Product_140,Technology,Phones
P-00141,Product_141,Furniture,Tables
P-00142,Product_142,Technology,Accessories
P-00143,Product_143,Furniture,Bookcases
P-00144,Product_144,Office Supplies,Storage
P-00145,Product_145,Furniture,Chairs
P-00146,Product_146,Furniture,Bookcases
P-00147,Product_147,Furniture,Bookcases
P-00148,Product_148,Technology,Phones
P-00149,Product_149,Office Supplies,Binders
P-00150,Product_150,Furniture,Bookcases
P-00151,Product_151,Technology,Accessories
P-00152,Product_152,Office Supplies,Storage
P-00153,Product_153,Technology,Machines
P-00154,Product_154,Technology,Accessories
P-00155,Product_155,Office Supplies,Paper
P-00156,Product_156,Furniture,Chairs
P-00157,Product_157,Technology,Phones
P-00158,Product_158,Technology,Machines
P-00159,Product_159,Furniture,Tables
P-00160,Product_160,Furniture,Chairs
P-00161,Product_161,Office Supplies,Storage
P-00162,Product_162,Office Supplies,Paper
P-00163,Product_163,Office Supplies,Storage
P-00164,Product_164,Furniture,Chairs
P-00165,Product_165,Technology,Phones
P-00166,Product_166,Technology,Accessories
P-00167,Product_167,Office Supplies,Storage
P-00168,Product_168,Furniture,Tables
P-00169,Product_169,Technology,Phones
P-00170,Product_170,Office Supplies,Binders
P-00171,Product_171,Technology,Machines
P-00172,Product_172,Technology,Machines
P-00173,Product_173,Furniture,Bookcases
P-00174,Product_174,Furniture,Tables
P-00175,Product_175,Technology,Machines
P-00176,Product_176,Office Supplies,Storage
P-00177,Product_177,Furniture,Chairs
P-00178,Product_178,Technology,Phones
P-00179,Product_179,Furniture,Bookcases
P-00180,Product_180,Furniture,Bookcases
P-00181,Product_181,Furniture,Chairs
P-00182,Product_182,Technology,Machines
P-00183,Product_183,Office Supplies,Paper
P-00184,Product_184,Office Supplies,Paper
P-00185,Product_185,Office Supplies,Paper
P-00186,Product_186,Furniture,Bookcases
P-00187,Product_187,Technology,Phones
P-00188,Product_188,Furniture,Bookcases
P-00189,Product_189,Office Supplies,Storage
P-00190,Product_190,Office Supplies,Binders
P-00191,Product_191,Technology,Phones
P-00192,Product_192,Furniture,Chairs
P-00193,Product_193,Office Supplies,Paper
P-00194,Product_194,Technology,Machines
P-00195,Product_195,Furniture,Chairs
P-00196,Product_196,Furniture,Bookcases
P-00197,Product_197,Office Supplies,Paper
P-00198,Product_198,Office Supplies,Paper
P-00199,Product_199,Furniture,Chairs
P-00200,Product_200,Furniture,Chairs
P-00201,Product_201,Office Supplies,Storage
P-00202,Product_202,Furniture,Chairs
P-00203,Product_203,Office Supplies,Storage
P-00204,Product_204,Furniture,Chairs
P-00205,Product_205,Office Supplies,Storage
P-00206,Product_206,Technology,Machines
P-00207,Product_207,Office Supplies,Storage
P-00208,Product_208,Office Supplies,Storage
P-00209,Product_209,Technology,Accessories
P-00210,Product_210,Furniture,Bookcases
P-00211,Product_211,Technology,Phones
P-00212,Product_212,Office Supplies,Paper
P-00213,Product_213,Furniture,Tables
P-00214,Product_214,Technology,Machines
P-00215,Product_215,Furniture,Tables
P-00216,Product_216,Furniture,Bookcases
P-00217,Product_217,Technology,Phones
P-00218,Product_218,Furniture,Bookcases
P-00219,Product_219,Technology,Accessories
P-00220,Product_220,Office Supplies,Binders
P-00221,Product_221,Furniture,Bookcases
P-00222,Product_222,Office Supplies,Binders
P-00223,Product_223,Office Supplies,Binders
P-00224,Product_224,Furniture,Tables
P-00225,Product_225,Technology,Phones
P-00226,Product_226,Furniture,Tables
P-00227,Product_227,Office Supplies,Binders
P-00228,Product_228,Office Supplies,Storage
P-00229,Product_229,Technology,Phones
P-00230,Product_230,Furniture,Bookcases
P-00231,Product_231,Office Supplies,Storage
P-00232,Product_232,Office Supplies,Binders
P-00233,Product_233,Office Supplies,Storage
P-00234,Product_234,Technology,Phones
P-00235,Product_235,Office Supplies,Binders
P-00236,Product_236,Office Supplies,Storage
P-00237,Product_237,Furniture,Bookcases
P-00238,Product_238,Furniture,Tables
P-00239,Product_239,Office Supplies,Storage
P-00240,Product_240,Office Supplies,Paper
P-00241,Product_241,Furniture,Bookcases
P-00242,Product_242,Technology,Phones
P-00243,Product_243,Technology,Machines
P-00244,Product_244,Technology,Phones
P-00245,Product_245,Technology,Phones
P-00246,Product_246,Technology,Phones
P-00247,Product_247,Technology,Accessories
P-00248,Product_248,Technology,Machines
P-00249,Product_249,Technology,Phones
P-00250,Product_250,Furniture,Chairs
P-00251,Product_251,Technology,Accessories
P-00252,Product_252,Technology,Machines
P-00253,Product_253,Technology,Machines
P-00254,Product_254,Office Supplies,Paper
P-00255,Product_255,Furniture,Tables
P-00256,Product_256,Furniture,Bookcases
P-00257,Product_257,Furniture,Tables
P-00258,Product_258,Technology,Machines
P-00259,Product_259,Technology,Machines
P-00260,Product_260,Office Supplies,Binders
P-00261,Product_261,Furniture,Chairs
P-00262,Product_262,Technology,Machines
P-00263,Product_263,Furniture,Bookcases
P-00264,Product_264,Office Supplies,Storage
P-00265,Product_265,Office Supplies,Storage
P-00266,Product_266,Office Supplies,Storage
P-00267,Product_267,Furniture,Bookcases
P-00268,Product_268,Technology,Accessories
P-00269,Product_269,Technology,Machines
P-00270,Product_270,Office Supplies,Paper
P-00271,Product_271,Technology,Accessories
P-00272,Product_272,Office Supplies,Storage
P-00273,Product_273,Furniture,Bookcases
P-00274,Product_274,Office Supplies,Paper
P-00275,Product_275,Furniture,Tables
P-00276,Product_276,Office Supplies,Storage
P-00277,Product_277,Technology,Machines
P-00278,Product_278,Technology,Accessories
P-00279,Product_279,Office Supplies,Paper
P-00280,Product_280,Technology,Accessories
P-00281,Product_281,Technology,Phones
P-00282,Product_282,Technology,Accessories
P-00283,Product_283,Furniture,Chairs
P-00284,Product_284,Technology,Machines
P-00285,Product_285,Furniture,Bookcases
P-00286,Product_286,Office Supplies,Paper
P-00287,Product_287,Technology,Machines
P-00288,Product_288,Technology,Machines
P-00289,Product_289,Technology,Machines
P-00290,Product_290,Office Supplies,Storage
P-00291,Product_291,Furniture,Chairs
P-00292,Product_292,Furniture,Chairs
P-00293,Product_293,Technology,Accessories
P-00294,Product_294,Office Supplies,Paper
P-00295,Product_295,Office Supplies,Paper
P-00296,Product_296,Office Supplies,Storage
P-00297,Product_297,Office Supplies,Storage
P-00298,Product_298,Office Supplies,Binders
P-00299,Product_299,Furniture,Chairs
P-00300,Product_300,Furniture,Tables
P-00301,Product_301,Furniture,Chairs
P-00302,Product_302,Technology,Phones
P-00303,Product_303,Office Supplies,Binders
P-00304,Product_304,Technology,Phones
P-00305,Product_305,Office Supplies,Binders
P-00306,Product_306,Furniture,Tables
P-00307,Product_307,Technology,Accessories
P-00308,Product_308,Furniture,Chairs
P-00309,Product_309,Office Supplies,Paper
P-00310,Product_310,Office Supplies,Storage
P-00311,Product_311,Office Supplies,Binders
P-00312,Product_312,Furniture,Bookcases
P-00313,Product_313,Office Supplies,Paper
P-00314,Product_314,Furniture,Tables
P-00315,Product_315,Technology,Machines
P-00316,Product_316,Office Supplies,Paper
P-00317,Product_317,Office Supplies,Binders
P-00318,Product_318,Office Supplies,Storage
P-00319,Product_319,Technology,Phones
P-00320,Product_320,Office Supplies,Storage
P-00321,Product_321,Furniture,Tables
P-00322,Product_322,Furniture,Bookcases
P-00323,Product_323,Office Supplies,Storage
P-00324,Product_324,Office Supplies,Binders
P-00325,Product_325,Technology,Accessories
P-00326,Product_326,Technology,Phones
P-00327,Product_327,Technology,Accessories
P-00328,Product_328,Office Supplies,Binders
P-00329,Product_329,Technology,Machines
P-00330,Product_330,Technology,Phones
P-00331,Product_331,Furniture,Tables
P-00332,Product_332,Technology,Accessories
P-00333,Product_333,Furniture,Bookcases
P-00334,Product_334,Furniture,Tables
P-00335,Product_335,Technology,Phones
P-00336,Product_336,Furniture,Bookcases
P-00337,Product_337,Office Supplies,Paper
P-00338,Product_338,Office Supplies,Paper
P-00339,Product_339,Technology,Phones
P-00340,Product_340,Office Supplies,Binders
P-00341,Product_341,Furniture,Bookcases
P-00342,Product_342,Office Supplies,Paper
P-00343,Product_343,Technology,Phones
P-00344,Product_344,Technology,Machines
P-00345,Product_345,Furniture,Tables
P-00346,Product_346,Technology,Accessories
P-00347,Product_347,Office Supplies,Storage
P-00348,Product_348,Technology,Machines
P-00349,Product_349,Furniture,Chairs
P-00350,Product_350,Technology,Accessories
P-00351,Product_351,Office Supplies,Paper
P-00352,Product_352,Furniture,Tables
P-00353,Product_353,Office Supplies,Storage
P-00354,Product_354,Furniture,Chairs
P-00355,Product_355,Technology,Accessories
P-00356,Product_356,Furniture,Bookcases
P-00357,Product_357,Furniture,Tables
P-00358,Product_358,Technology,Phones
P-00359,Product_359,Office Supplies,Paper
P-00360,Product_360,Technology,Phones
P-00361,Product_361,Furniture,Chairs
P-00362,Product_362,Technology,Accessories
P-00363,Product_363,Furniture,Tables
P-00364,Product_364,Technology,Phones
P-00365,Product_365,Technology,Machines
P-00366,Product_366,Office Supplies,Binders
P-00367,Product_367,Furniture,Tables
P-00368,Product_368,Office Supplies,Paper
P-00369,Product_369,Furniture,Bookcases
P-00370,Product_370,Technology,Phones
P-00371,Product_371,Furniture,Chairs
P-00372,Product_372,Office Supplies,Binders
P-00373,Product_373,Office Supplies,Paper
P-00374,Product_374,Office Supplies,Binders
P-00375,Product_375,Furniture,Bookcases
P-00376,Product_376,Office Supplies,Paper
P-00377,Product_377,Office Supplies,Paper
P-00378,Product_378,Office Supplies,Binders
P-00379,Product_379,Technology,Machines
P-00380,Product_380,Technology,Accessories
P-00381,Product_381,Furniture,Tables
P-00382,Product_382,Furniture,Chairs
P-00383,Product_383,Office Supplies,Binders
P-00384,Product_384,Technology,Machines
P-00385,Product_385,Office Supplies,Binders
P-00386,Product_386,Office Supplies,Storage
P-00387,Product_387,Technology,Accessories
P-00388,Product_388,Technology,Machines
P-00389,Product_389,Technology,Machines
P-00390,Product_390,Furniture,Bookcases
P-00391,Product_391,Furniture,Tables
P-00392,Product_392,Office Supplies,Binders
P-00393,Product_393,Furniture,Tables
P-00394,Product_394,Technology,Phones
P-00395,Product_395,Technology,Machines
P-00396,Product_396,Furniture,Bookcases
P-00397,Product_397,Office Supplies,Storage
P-00398,Product_398,Office Supplies,Storage
P-00399,Product_399,Furniture,Bookcases
P-00400,Product_400,Office Supplies,Binders
P-00401,Product_401,Office Supplies,Binders
P-00402,Product_402,Office Supplies,Storage
P-00403,Product_403,Technology,Accessories
P-00404,Product_404,Technology,Accessories
P-00405,Product_405,Furniture,Bookcases
P-00406,Product_406,Technology,Phones
P-00407,Product_407,Office Supplies,Paper
P-00408,Product_408,Technology,Accessories
P-00409,Product_409,Furniture,Tables
P-00410,Product_410,Technology,Machines
P-00411,Product_411,Office Supplies,Paper
P-00412,Product_412,Office Supplies,Paper
P-00413,Product_413,Furniture,Tables
P-00414,Product_414,Technology,Accessories
P-00415,Product_415,Technology,Phones
P-00416,Product_416,Technology,Machines
P-00417,Product_417,Office Supplies,Storage
P-00418,Product_418,Furniture,Chairs
P-00419,Product_419,Technology,Phones
P-00420,Product_420,Office Supplies,Storage
P-00421,Product_421,Office Supplies,Paper
P-00422,Product_422,Office Supplies,Paper
P-00423,Product_423,Technology,Machines
P-00424,Product_424,Technology,Accessories
P-00425,Product_425,Technology,Phones
P-00426,Product_426,Technology,Accessories
P-00427,Product_427,Technology,Accessories
P-00428,Product_428,Technology,Accessories
P-00429,Product_429,Technology,Machines
P-00430,Product_430,Technology,Phones
P-00431,Product_431,Technology,Accessories
P-00432,Product_432,Office Supplies,Storage
P-00433,Product_433,Technology,Accessories
P-00434,Product_434,Furniture,Chairs
P-00435,Product_435,Office Supplies,Paper
P-00436,Product_436,Technology,Phones
P-00437,Product_437,Furniture,Tables
P-00438,Product_438,Technology,Phones
P-00439,Product_439,Furniture,Tables
P-00440,Product_440,Furniture,Chairs
P-00441,Product_441,Furniture,Tables
P-00442,Product_442,Furniture,Tables
P-00443,Product_443,Office Supplies,Storage
P-00444,Product_444,Office Supplies,Storage
P-00445,Product_445,Furniture,Chairs
P-00446,Product_446,Technology,Accessories
P-00447,Product_447,Furniture,Chairs
P-00448,Product_448,Office Supplies,Storage
P-00449,Product_449,Technology,Phones
P-00450,Product_450,Office Supplies,Binders
P-00451,Product_451,Office Supplies,Storage
P-00452,Product_452,Technology,Accessories
P-00453,Product_453,Furniture,Chairs
P-00454,Product_454,Furniture,Bookcases
P-00455,Product_455,Furniture,Tables
P-00456,Product_456,Furniture,Bookcases
P-00457,Product_457,Technology,Phones
P-00458,Product_458,Technology,Accessories
P-00459,Product_459,Technology,Accessories
P-00460,Product_460,Office Supplies,Storage
P-00461,Product_461,Technology,Machines
P-00462,Product_462,Furniture,Bookcases
P-00463,Product_463,Office Supplies,Paper
P-00464,Product_464,Furniture,Tables
P-00465,Product_465,Furniture,Chairs
P-00466,Product_466,Technology,Accessories
P-00467,Product_467,Technology,Phones
P-00468,Product_468,Furniture,Bookcases
P-00469,Product_469,Furniture,Bookcases
P-00470,Product_470,Office Supplies,Paper
P-00471,Product_471,Technology,Machines
P-00472,Product_472,Office Supplies,Storage
P-00473,Product_473,Office Supplies,Paper
P-00474,Product_474,Office Supplies,Binders
P-00475,Product_475,Furniture,Tables
P-00476,Product_476,Office Supplies,Binders
P-00477,Product_477,Office Supplies,Paper
P-00478,Product_478,Furniture,Tables
P-00479,Product_479,Technology,Machines
P-00480,Product_480,Technology,Accessories
P-00481,Product_481,Office Supplies,Paper
P-00482,Product_482,Furniture,Chairs
P-00483,Product_483,Technology,Machines
P-00484,Product_484,Office Supplies,Binders
P-00485,Product_485,Office Supplies,Binders
P-00486,Product_486,Furniture,Bookcases
P-00487,Product_487,Office Supplies,Storage
P-00488,Product_488,Technology,Machines
P-00489,Product_489,Furniture,Tables
P-00490,Product_490,Technology,Machines
P-00491,Product_491,Technology,Machines
P-00492,Product_492,Technology,Machines
P-00493,Product_493,Office Supplies,Binders
P-00494,Product_494,Office Supplies,Binders
P-00495,Product_495,Technology,Accessories
P-00496,Product_496,Technology,Phones
P-00497,Product_497,Furniture,Tables
P-00498,Product_498,Furniture,Chairs
P-00499,Product_499,Office Supplies,Storage
P-00500,Product_500,Office Supplies,Binders
